-- MySQL dump 10.13  Distrib 8.0.23, for Linux (x86_64)
--
-- Host: localhost    Database: d_shopping
-- ------------------------------------------------------
-- Server version	8.0.23

/*!40101 SET @OLD_CHARACTER_SET_CLIENT=@@CHARACTER_SET_CLIENT */;
/*!40101 SET @OLD_CHARACTER_SET_RESULTS=@@CHARACTER_SET_RESULTS */;
/*!40101 SET @OLD_COLLATION_CONNECTION=@@COLLATION_CONNECTION */;
/*!50503 SET NAMES utf8mb4 */;
/*!40103 SET @OLD_TIME_ZONE=@@TIME_ZONE */;
/*!40103 SET TIME_ZONE='+00:00' */;
/*!40014 SET @OLD_UNIQUE_CHECKS=@@UNIQUE_CHECKS, UNIQUE_CHECKS=0 */;
/*!40014 SET @OLD_FOREIGN_KEY_CHECKS=@@FOREIGN_KEY_CHECKS, FOREIGN_KEY_CHECKS=0 */;
/*!40101 SET @OLD_SQL_MODE=@@SQL_MODE, SQL_MODE='NO_AUTO_VALUE_ON_ZERO' */;
/*!40111 SET @OLD_SQL_NOTES=@@SQL_NOTES, SQL_NOTES=0 */;

--
-- Table structure for table `auth_group`
--

DROP TABLE IF EXISTS `auth_group`;
/*!40101 SET @saved_cs_client     = @@character_set_client */;
/*!50503 SET character_set_client = utf8mb4 */;
CREATE TABLE `auth_group` (
  `id` int NOT NULL AUTO_INCREMENT,
  `name` varchar(150) NOT NULL,
  PRIMARY KEY (`id`),
  UNIQUE KEY `name` (`name`)
) ENGINE=InnoDB DEFAULT CHARSET=utf8mb4 COLLATE=utf8mb4_0900_ai_ci;
/*!40101 SET character_set_client = @saved_cs_client */;

--
-- Dumping data for table `auth_group`
--

LOCK TABLES `auth_group` WRITE;
/*!40000 ALTER TABLE `auth_group` DISABLE KEYS */;
/*!40000 ALTER TABLE `auth_group` ENABLE KEYS */;
UNLOCK TABLES;

--
-- Table structure for table `auth_group_permissions`
--

DROP TABLE IF EXISTS `auth_group_permissions`;
/*!40101 SET @saved_cs_client     = @@character_set_client */;
/*!50503 SET character_set_client = utf8mb4 */;
CREATE TABLE `auth_group_permissions` (
  `id` int NOT NULL AUTO_INCREMENT,
  `group_id` int NOT NULL,
  `permission_id` int NOT NULL,
  PRIMARY KEY (`id`),
  UNIQUE KEY `auth_group_permissions_group_id_permission_id_0cd325b0_uniq` (`group_id`,`permission_id`),
  KEY `auth_group_permissio_permission_id_84c5c92e_fk_auth_perm` (`permission_id`),
  CONSTRAINT `auth_group_permissio_permission_id_84c5c92e_fk_auth_perm` FOREIGN KEY (`permission_id`) REFERENCES `auth_permission` (`id`),
  CONSTRAINT `auth_group_permissions_group_id_b120cbf9_fk_auth_group_id` FOREIGN KEY (`group_id`) REFERENCES `auth_group` (`id`)
) ENGINE=InnoDB DEFAULT CHARSET=utf8mb4 COLLATE=utf8mb4_0900_ai_ci;
/*!40101 SET character_set_client = @saved_cs_client */;

--
-- Dumping data for table `auth_group_permissions`
--

LOCK TABLES `auth_group_permissions` WRITE;
/*!40000 ALTER TABLE `auth_group_permissions` DISABLE KEYS */;
/*!40000 ALTER TABLE `auth_group_permissions` ENABLE KEYS */;
UNLOCK TABLES;

--
-- Table structure for table `auth_permission`
--

DROP TABLE IF EXISTS `auth_permission`;
/*!40101 SET @saved_cs_client     = @@character_set_client */;
/*!50503 SET character_set_client = utf8mb4 */;
CREATE TABLE `auth_permission` (
  `id` int NOT NULL AUTO_INCREMENT,
  `name` varchar(255) NOT NULL,
  `content_type_id` int NOT NULL,
  `codename` varchar(100) NOT NULL,
  PRIMARY KEY (`id`),
  UNIQUE KEY `auth_permission_content_type_id_codename_01ab375a_uniq` (`content_type_id`,`codename`),
  CONSTRAINT `auth_permission_content_type_id_2f476e4b_fk_django_co` FOREIGN KEY (`content_type_id`) REFERENCES `django_content_type` (`id`)
) ENGINE=InnoDB AUTO_INCREMENT=37 DEFAULT CHARSET=utf8mb4 COLLATE=utf8mb4_0900_ai_ci;
/*!40101 SET character_set_client = @saved_cs_client */;

--
-- Dumping data for table `auth_permission`
--

LOCK TABLES `auth_permission` WRITE;
/*!40000 ALTER TABLE `auth_permission` DISABLE KEYS */;
INSERT INTO `auth_permission` VALUES (1,'Can add log entry',1,'add_logentry'),(2,'Can change log entry',1,'change_logentry'),(3,'Can delete log entry',1,'delete_logentry'),(4,'Can view log entry',1,'view_logentry'),(5,'Can add permission',2,'add_permission'),(6,'Can change permission',2,'change_permission'),(7,'Can delete permission',2,'delete_permission'),(8,'Can view permission',2,'view_permission'),(9,'Can add group',3,'add_group'),(10,'Can change group',3,'change_group'),(11,'Can delete group',3,'delete_group'),(12,'Can view group',3,'view_group'),(13,'Can add user',4,'add_user'),(14,'Can change user',4,'change_user'),(15,'Can delete user',4,'delete_user'),(16,'Can view user',4,'view_user'),(17,'Can add content type',5,'add_contenttype'),(18,'Can change content type',5,'change_contenttype'),(19,'Can delete content type',5,'delete_contenttype'),(20,'Can view content type',5,'view_contenttype'),(21,'Can add session',6,'add_session'),(22,'Can change session',6,'change_session'),(23,'Can delete session',6,'delete_session'),(24,'Can view session',6,'view_session'),(25,'Can add カテゴリーマスタ',7,'add_productcategory'),(26,'Can change カテゴリーマスタ',7,'change_productcategory'),(27,'Can delete カテゴリーマスタ',7,'delete_productcategory'),(28,'Can view カテゴリーマスタ',7,'view_productcategory'),(29,'Can add 商品マスタ',8,'add_product'),(30,'Can change 商品マスタ',8,'change_product'),(31,'Can delete 商品マスタ',8,'delete_product'),(32,'Can view 商品マスタ',8,'view_product'),(33,'Can add スタッフマスタ',9,'add_staff'),(34,'Can change スタッフマスタ',9,'change_staff'),(35,'Can delete スタッフマスタ',9,'delete_staff'),(36,'Can view スタッフマスタ',9,'view_staff');
/*!40000 ALTER TABLE `auth_permission` ENABLE KEYS */;
UNLOCK TABLES;

--
-- Table structure for table `auth_user`
--

DROP TABLE IF EXISTS `auth_user`;
/*!40101 SET @saved_cs_client     = @@character_set_client */;
/*!50503 SET character_set_client = utf8mb4 */;
CREATE TABLE `auth_user` (
  `id` int NOT NULL AUTO_INCREMENT,
  `password` varchar(128) NOT NULL,
  `last_login` datetime(6) DEFAULT NULL,
  `is_superuser` tinyint(1) NOT NULL,
  `username` varchar(150) NOT NULL,
  `first_name` varchar(30) NOT NULL,
  `last_name` varchar(150) NOT NULL,
  `email` varchar(254) NOT NULL,
  `is_staff` tinyint(1) NOT NULL,
  `is_active` tinyint(1) NOT NULL,
  `date_joined` datetime(6) NOT NULL,
  PRIMARY KEY (`id`),
  UNIQUE KEY `username` (`username`)
) ENGINE=InnoDB AUTO_INCREMENT=2 DEFAULT CHARSET=utf8mb4 COLLATE=utf8mb4_0900_ai_ci;
/*!40101 SET character_set_client = @saved_cs_client */;

--
-- Dumping data for table `auth_user`
--

LOCK TABLES `auth_user` WRITE;
/*!40000 ALTER TABLE `auth_user` DISABLE KEYS */;
INSERT INTO `auth_user` VALUES (1,'pbkdf2_sha256$150000$VHbnl9Ed0c1l$jdg9FgVu27aPgDJICuybso3KPdbHAiMjTP3eGqw/voA=','2021-05-28 06:35:13.440568',1,'d_shopping','','','ak.o7zw@gmail.com',1,1,'2021-04-22 04:21:52.413827');
/*!40000 ALTER TABLE `auth_user` ENABLE KEYS */;
UNLOCK TABLES;

--
-- Table structure for table `auth_user_groups`
--

DROP TABLE IF EXISTS `auth_user_groups`;
/*!40101 SET @saved_cs_client     = @@character_set_client */;
/*!50503 SET character_set_client = utf8mb4 */;
CREATE TABLE `auth_user_groups` (
  `id` int NOT NULL AUTO_INCREMENT,
  `user_id` int NOT NULL,
  `group_id` int NOT NULL,
  PRIMARY KEY (`id`),
  UNIQUE KEY `auth_user_groups_user_id_group_id_94350c0c_uniq` (`user_id`,`group_id`),
  KEY `auth_user_groups_group_id_97559544_fk_auth_group_id` (`group_id`),
  CONSTRAINT `auth_user_groups_group_id_97559544_fk_auth_group_id` FOREIGN KEY (`group_id`) REFERENCES `auth_group` (`id`),
  CONSTRAINT `auth_user_groups_user_id_6a12ed8b_fk_auth_user_id` FOREIGN KEY (`user_id`) REFERENCES `auth_user` (`id`)
) ENGINE=InnoDB DEFAULT CHARSET=utf8mb4 COLLATE=utf8mb4_0900_ai_ci;
/*!40101 SET character_set_client = @saved_cs_client */;

--
-- Dumping data for table `auth_user_groups`
--

LOCK TABLES `auth_user_groups` WRITE;
/*!40000 ALTER TABLE `auth_user_groups` DISABLE KEYS */;
/*!40000 ALTER TABLE `auth_user_groups` ENABLE KEYS */;
UNLOCK TABLES;

--
-- Table structure for table `auth_user_user_permissions`
--

DROP TABLE IF EXISTS `auth_user_user_permissions`;
/*!40101 SET @saved_cs_client     = @@character_set_client */;
/*!50503 SET character_set_client = utf8mb4 */;
CREATE TABLE `auth_user_user_permissions` (
  `id` int NOT NULL AUTO_INCREMENT,
  `user_id` int NOT NULL,
  `permission_id` int NOT NULL,
  PRIMARY KEY (`id`),
  UNIQUE KEY `auth_user_user_permissions_user_id_permission_id_14a6b632_uniq` (`user_id`,`permission_id`),
  KEY `auth_user_user_permi_permission_id_1fbb5f2c_fk_auth_perm` (`permission_id`),
  CONSTRAINT `auth_user_user_permi_permission_id_1fbb5f2c_fk_auth_perm` FOREIGN KEY (`permission_id`) REFERENCES `auth_permission` (`id`),
  CONSTRAINT `auth_user_user_permissions_user_id_a95ead1b_fk_auth_user_id` FOREIGN KEY (`user_id`) REFERENCES `auth_user` (`id`)
) ENGINE=InnoDB DEFAULT CHARSET=utf8mb4 COLLATE=utf8mb4_0900_ai_ci;
/*!40101 SET character_set_client = @saved_cs_client */;

--
-- Dumping data for table `auth_user_user_permissions`
--

LOCK TABLES `auth_user_user_permissions` WRITE;
/*!40000 ALTER TABLE `auth_user_user_permissions` DISABLE KEYS */;
/*!40000 ALTER TABLE `auth_user_user_permissions` ENABLE KEYS */;
UNLOCK TABLES;

--
-- Table structure for table `django_admin_log`
--

DROP TABLE IF EXISTS `django_admin_log`;
/*!40101 SET @saved_cs_client     = @@character_set_client */;
/*!50503 SET character_set_client = utf8mb4 */;
CREATE TABLE `django_admin_log` (
  `id` int NOT NULL AUTO_INCREMENT,
  `action_time` datetime(6) NOT NULL,
  `object_id` longtext,
  `object_repr` varchar(200) NOT NULL,
  `action_flag` smallint unsigned NOT NULL,
  `change_message` longtext NOT NULL,
  `content_type_id` int DEFAULT NULL,
  `user_id` int NOT NULL,
  PRIMARY KEY (`id`),
  KEY `django_admin_log_content_type_id_c4bce8eb_fk_django_co` (`content_type_id`),
  KEY `django_admin_log_user_id_c564eba6_fk_auth_user_id` (`user_id`),
  CONSTRAINT `django_admin_log_content_type_id_c4bce8eb_fk_django_co` FOREIGN KEY (`content_type_id`) REFERENCES `django_content_type` (`id`),
  CONSTRAINT `django_admin_log_user_id_c564eba6_fk_auth_user_id` FOREIGN KEY (`user_id`) REFERENCES `auth_user` (`id`)
) ENGINE=InnoDB AUTO_INCREMENT=31 DEFAULT CHARSET=utf8mb4 COLLATE=utf8mb4_0900_ai_ci;
/*!40101 SET character_set_client = @saved_cs_client */;

--
-- Dumping data for table `django_admin_log`
--

LOCK TABLES `django_admin_log` WRITE;
/*!40000 ALTER TABLE `django_admin_log` DISABLE KEYS */;
INSERT INTO `django_admin_log` VALUES (1,'2021-05-12 02:24:19.431645','1','野菜',1,'[{\"added\": {}}]',7,1),(2,'2021-05-18 06:50:06.577874','2','肉',1,'[{\"added\": {}}]',7,1),(3,'2021-05-18 06:55:29.983647','1','(ID:1) 人参',1,'[{\"added\": {}}]',8,1),(4,'2021-05-18 07:08:01.547889','2','(ID:2) じゃがいも',1,'[{\"added\": {}}]',8,1),(5,'2021-05-25 03:41:17.688580','3','(ID:3) 豚肉',1,'[{\"added\": {}}]',8,1),(6,'2021-05-25 03:41:28.226882','4','(ID:4) 豚肉',1,'[{\"added\": {}}]',8,1),(7,'2021-05-25 03:41:32.317067','5','(ID:5) 豚肉',1,'[{\"added\": {}}]',8,1),(8,'2021-05-25 03:41:34.666132','6','(ID:6) 豚肉',1,'[{\"added\": {}}]',8,1),(9,'2021-05-25 03:41:36.568753','7','(ID:7) 豚肉',1,'[{\"added\": {}}]',8,1),(10,'2021-05-25 03:41:43.741859','8','(ID:8) 豚肉',1,'[{\"added\": {}}]',8,1),(11,'2021-05-25 03:41:45.478438','9','(ID:9) 豚肉',1,'[{\"added\": {}}]',8,1),(12,'2021-05-25 03:41:46.918816','10','(ID:10) 豚肉',1,'[{\"added\": {}}]',8,1),(13,'2021-05-25 04:38:34.397626','1','(ID:1) 人参',2,'[{\"changed\": {\"fields\": [\"is_deleted\"]}}]',8,1),(14,'2021-05-25 05:06:32.244019','1','(ID:1) 人参',2,'[]',8,1),(15,'2021-05-25 05:06:49.686270','2','(ID:2) にんじん',2,'[{\"changed\": {\"fields\": [\"name\", \"price\"]}}]',8,1),(16,'2021-05-25 05:15:14.878405','2','(ID:2) にんじん2',2,'[{\"changed\": {\"fields\": [\"name\"]}}]',8,1),(17,'2021-05-25 05:15:21.658661','1','(ID:1) にんじん',2,'[{\"changed\": {\"fields\": [\"name\"]}}]',8,1),(18,'2021-05-25 05:24:49.471582','1','(ID:1) にんじん',2,'[{\"changed\": {\"fields\": [\"is_deleted\"]}}]',8,1),(19,'2021-05-25 05:25:10.997223','1','(ID:1) にんじん',2,'[{\"changed\": {\"fields\": [\"is_deleted\"]}}]',8,1),(20,'2021-05-25 05:26:11.960388','1','(ID:1) にんじん',2,'[{\"changed\": {\"fields\": [\"is_deleted\"]}}]',8,1),(21,'2021-05-25 05:26:50.921519','1','(ID:1) にんじん',2,'[{\"changed\": {\"fields\": [\"is_deleted\"]}}]',8,1),(22,'2021-05-25 05:30:47.955924','1','(ID:1) にんじん',2,'[{\"changed\": {\"fields\": [\"is_deleted\"]}}]',8,1),(23,'2021-05-25 05:35:27.260058','1','(ID:1) にんじん',2,'[]',8,1),(24,'2021-05-25 05:51:32.742761','1','(ID:1) にんじん',2,'[{\"changed\": {\"fields\": [\"is_deleted\"]}}]',8,1),(25,'2021-05-25 05:52:05.932418','1','(ID:1) にんじん',2,'[{\"changed\": {\"fields\": [\"is_deleted\"]}}]',8,1),(26,'2021-05-25 06:07:04.814884','11','(ID:11) たまねぎ',2,'[{\"changed\": {\"fields\": [\"is_deleted\"]}}]',8,1),(27,'2021-05-25 12:40:56.559879','1','(ID:1) スタッフ 0000',1,'[{\"added\": {}}]',9,1),(28,'2021-05-25 12:42:20.118179','2','(ID:2) 河野太郎 1122',1,'[{\"added\": {}}]',9,1),(29,'2021-05-25 13:39:55.320404','3','(ID:3) 安倍晋三 1111',2,'[{\"changed\": {\"fields\": [\"is_deleted\"]}}]',9,1),(30,'2021-05-28 06:35:21.228496','1','(ID:1) スタッフ スタッフ',2,'[{\"changed\": {\"fields\": [\"is_deleted\"]}}]',9,1);
/*!40000 ALTER TABLE `django_admin_log` ENABLE KEYS */;
UNLOCK TABLES;

--
-- Table structure for table `django_content_type`
--

DROP TABLE IF EXISTS `django_content_type`;
/*!40101 SET @saved_cs_client     = @@character_set_client */;
/*!50503 SET character_set_client = utf8mb4 */;
CREATE TABLE `django_content_type` (
  `id` int NOT NULL AUTO_INCREMENT,
  `app_label` varchar(100) NOT NULL,
  `model` varchar(100) NOT NULL,
  PRIMARY KEY (`id`),
  UNIQUE KEY `django_content_type_app_label_model_76bd3d3b_uniq` (`app_label`,`model`)
) ENGINE=InnoDB AUTO_INCREMENT=10 DEFAULT CHARSET=utf8mb4 COLLATE=utf8mb4_0900_ai_ci;
/*!40101 SET character_set_client = @saved_cs_client */;

--
-- Dumping data for table `django_content_type`
--

LOCK TABLES `django_content_type` WRITE;
/*!40000 ALTER TABLE `django_content_type` DISABLE KEYS */;
INSERT INTO `django_content_type` VALUES (9,'account','staff'),(1,'admin','logentry'),(3,'auth','group'),(2,'auth','permission'),(4,'auth','user'),(5,'contenttypes','contenttype'),(8,'product','product'),(7,'product','productcategory'),(6,'sessions','session');
/*!40000 ALTER TABLE `django_content_type` ENABLE KEYS */;
UNLOCK TABLES;

--
-- Table structure for table `django_migrations`
--

DROP TABLE IF EXISTS `django_migrations`;
/*!40101 SET @saved_cs_client     = @@character_set_client */;
/*!50503 SET character_set_client = utf8mb4 */;
CREATE TABLE `django_migrations` (
  `id` int NOT NULL AUTO_INCREMENT,
  `app` varchar(255) NOT NULL,
  `name` varchar(255) NOT NULL,
  `applied` datetime(6) NOT NULL,
  PRIMARY KEY (`id`)
) ENGINE=InnoDB AUTO_INCREMENT=23 DEFAULT CHARSET=utf8mb4 COLLATE=utf8mb4_0900_ai_ci;
/*!40101 SET character_set_client = @saved_cs_client */;

--
-- Dumping data for table `django_migrations`
--

LOCK TABLES `django_migrations` WRITE;
/*!40000 ALTER TABLE `django_migrations` DISABLE KEYS */;
INSERT INTO `django_migrations` VALUES (1,'contenttypes','0001_initial','2021-04-22 04:19:25.871885'),(2,'auth','0001_initial','2021-04-22 04:19:26.033017'),(3,'admin','0001_initial','2021-04-22 04:19:26.502019'),(4,'admin','0002_logentry_remove_auto_add','2021-04-22 04:19:26.637836'),(5,'admin','0003_logentry_add_action_flag_choices','2021-04-22 04:19:26.650744'),(6,'contenttypes','0002_remove_content_type_name','2021-04-22 04:19:26.771047'),(7,'auth','0002_alter_permission_name_max_length','2021-04-22 04:19:26.829602'),(8,'auth','0003_alter_user_email_max_length','2021-04-22 04:19:26.865705'),(9,'auth','0004_alter_user_username_opts','2021-04-22 04:19:26.880836'),(10,'auth','0005_alter_user_last_login_null','2021-04-22 04:19:26.949275'),(11,'auth','0006_require_contenttypes_0002','2021-04-22 04:19:26.961798'),(12,'auth','0007_alter_validators_add_error_messages','2021-04-22 04:19:26.976536'),(13,'auth','0008_alter_user_username_max_length','2021-04-22 04:19:27.049628'),(14,'auth','0009_alter_user_last_name_max_length','2021-04-22 04:19:27.114440'),(15,'auth','0010_alter_group_name_max_length','2021-04-22 04:19:27.147691'),(16,'auth','0011_update_proxy_permissions','2021-04-22 04:19:27.161133'),(17,'sessions','0001_initial','2021-04-22 04:19:27.188110'),(18,'product','0001_initial','2021-05-12 02:22:06.800170'),(19,'product','0002_auto_20210518_1614','2021-05-18 07:15:03.464485'),(21,'product','0003_auto_20210525_1445','2021-05-25 05:46:01.959039'),(22,'account','0001_initial','2021-05-25 12:40:29.917812');
/*!40000 ALTER TABLE `django_migrations` ENABLE KEYS */;
UNLOCK TABLES;

--
-- Table structure for table `django_session`
--

DROP TABLE IF EXISTS `django_session`;
/*!40101 SET @saved_cs_client     = @@character_set_client */;
/*!50503 SET character_set_client = utf8mb4 */;
CREATE TABLE `django_session` (
  `session_key` varchar(40) NOT NULL,
  `session_data` longtext NOT NULL,
  `expire_date` datetime(6) NOT NULL,
  PRIMARY KEY (`session_key`),
  KEY `django_session_expire_date_a5c62663` (`expire_date`)
) ENGINE=InnoDB DEFAULT CHARSET=utf8mb4 COLLATE=utf8mb4_0900_ai_ci;
/*!40101 SET character_set_client = @saved_cs_client */;

--
-- Dumping data for table `django_session`
--

LOCK TABLES `django_session` WRITE;
/*!40000 ALTER TABLE `django_session` DISABLE KEYS */;
INSERT INTO `django_session` VALUES ('0wodxr90f4qj98mzorctci2uiiuth5xx','Mjc1ZWM3N2NkMjM5NmVjYzZlNDY5OWRhODMzYWYwNmU1YjAwMDI3Mzp7Il9hdXRoX3VzZXJfaWQiOiIxIiwiX2F1dGhfdXNlcl9iYWNrZW5kIjoiZGphbmdvLmNvbnRyaWIuYXV0aC5iYWNrZW5kcy5Nb2RlbEJhY2tlbmQiLCJfYXV0aF91c2VyX2hhc2giOiI2NzUwNjQ1NWIxZmUwMGM5YmE0ODM3YTdhMzEwMzM2YmE0YmI2OWQ4In0=','2021-06-11 06:35:13.445667'),('uvwqe4wg9jh8kz9nqs0ob5kcfy0kcru1','Mjc1ZWM3N2NkMjM5NmVjYzZlNDY5OWRhODMzYWYwNmU1YjAwMDI3Mzp7Il9hdXRoX3VzZXJfaWQiOiIxIiwiX2F1dGhfdXNlcl9iYWNrZW5kIjoiZGphbmdvLmNvbnRyaWIuYXV0aC5iYWNrZW5kcy5Nb2RlbEJhY2tlbmQiLCJfYXV0aF91c2VyX2hhc2giOiI2NzUwNjQ1NWIxZmUwMGM5YmE0ODM3YTdhMzEwMzM2YmE0YmI2OWQ4In0=','2021-05-06 04:22:30.162200'),('wzbhwgmzv44l8f364ezj430xmus8e946','Mjc1ZWM3N2NkMjM5NmVjYzZlNDY5OWRhODMzYWYwNmU1YjAwMDI3Mzp7Il9hdXRoX3VzZXJfaWQiOiIxIiwiX2F1dGhfdXNlcl9iYWNrZW5kIjoiZGphbmdvLmNvbnRyaWIuYXV0aC5iYWNrZW5kcy5Nb2RlbEJhY2tlbmQiLCJfYXV0aF91c2VyX2hhc2giOiI2NzUwNjQ1NWIxZmUwMGM5YmE0ODM3YTdhMzEwMzM2YmE0YmI2OWQ4In0=','2021-05-26 01:28:03.404168');
/*!40000 ALTER TABLE `django_session` ENABLE KEYS */;
UNLOCK TABLES;

--
-- Table structure for table `m_category`
--

DROP TABLE IF EXISTS `m_category`;
/*!40101 SET @saved_cs_client     = @@character_set_client */;
/*!50503 SET character_set_client = utf8mb4 */;
CREATE TABLE `m_category` (
  `id` int NOT NULL AUTO_INCREMENT,
  `name` varchar(255) NOT NULL,
  `created_at` datetime(6) NOT NULL,
  `updated_at` datetime(6) NOT NULL,
  `is_deleted` tinyint(1) NOT NULL,
  PRIMARY KEY (`id`)
) ENGINE=InnoDB AUTO_INCREMENT=3 DEFAULT CHARSET=utf8mb4 COLLATE=utf8mb4_0900_ai_ci;
/*!40101 SET character_set_client = @saved_cs_client */;

--
-- Dumping data for table `m_category`
--

LOCK TABLES `m_category` WRITE;
/*!40000 ALTER TABLE `m_category` DISABLE KEYS */;
INSERT INTO `m_category` VALUES (1,'野菜','2021-05-12 02:22:19.000000','2021-05-12 02:24:19.430715',0),(2,'肉','2021-05-18 06:41:30.000000','2021-05-18 06:50:06.576518',0);
/*!40000 ALTER TABLE `m_category` ENABLE KEYS */;
UNLOCK TABLES;

--
-- Table structure for table `m_product`
--

DROP TABLE IF EXISTS `m_product`;
/*!40101 SET @saved_cs_client     = @@character_set_client */;
/*!50503 SET character_set_client = utf8mb4 */;
CREATE TABLE `m_product` (
  `id` int NOT NULL AUTO_INCREMENT,
  `name` varchar(255) NOT NULL,
  `price` int NOT NULL,
  `image` varchar(255) DEFAULT NULL,
  `created_at` datetime(6) NOT NULL,
  `updated_at` datetime(6) NOT NULL,
  `is_deleted` tinyint(1) NOT NULL,
  `category_id` int NOT NULL,
  `is_published` int NOT NULL,
  PRIMARY KEY (`id`),
  KEY `m_product_category_id_2c335f92_fk_m_category_id` (`category_id`),
  CONSTRAINT `m_product_category_id_2c335f92_fk_m_category_id` FOREIGN KEY (`category_id`) REFERENCES `m_category` (`id`)
) ENGINE=InnoDB AUTO_INCREMENT=16 DEFAULT CHARSET=utf8mb4 COLLATE=utf8mb4_0900_ai_ci;
/*!40101 SET character_set_client = @saved_cs_client */;

--
-- Dumping data for table `m_product`
--

LOCK TABLES `m_product` WRITE;
/*!40000 ALTER TABLE `m_product` DISABLE KEYS */;
INSERT INTO `m_product` VALUES (1,'にんじん',100,NULL,'2021-05-18 06:55:11.000000','2021-05-25 05:52:17.506181',0,1,1),(2,'にんじん2',100,'no-image.jpg','2021-05-18 07:07:20.000000','2021-05-25 05:15:14.876996',0,1,1),(3,'豚肉',200,'no-image.jpg','2021-05-25 03:40:45.000000','2021-05-25 03:41:17.684388',0,1,0),(4,'豚肉',200,'no-image.jpg','2021-05-25 03:40:45.000000','2021-05-25 03:41:28.223233',0,1,0),(5,'豚肉',200,'no-image.jpg','2021-05-25 03:40:45.000000','2021-05-25 03:41:32.313944',0,1,0),(6,'豚肉',200,'no-image.jpg','2021-05-25 03:40:45.000000','2021-05-25 03:41:34.664810',0,1,0),(7,'豚肉',200,'no-image.jpg','2021-05-25 03:40:45.000000','2021-05-25 03:41:36.568156',0,1,0),(8,'豚肉',200,'no-image.jpg','2021-05-25 03:40:45.000000','2021-05-25 03:41:43.741320',0,1,0),(9,'豚肉',200,'no-image.jpg','2021-05-25 03:40:45.000000','2021-05-25 03:41:45.472417',0,1,0),(10,'豚肉',200,'no-image.jpg','2021-05-25 03:40:45.000000','2021-05-25 03:41:46.918203',0,1,0),(11,'たまねぎ',150,NULL,'2021-05-25 05:51:27.000000','2021-05-25 06:07:37.757911',0,1,0),(12,'だいこん',100,NULL,'2021-05-25 06:08:21.302036','2021-05-25 06:08:39.386228',0,1,0),(13,'にんじん',200,NULL,'2021-05-25 06:08:21.302036','2021-05-25 06:08:55.817689',0,1,0),(14,'ななまる',500,NULL,'2021-05-25 06:34:59.451114','2021-05-25 12:18:30.090742',1,2,1),(15,'ななまる',150,NULL,'2021-05-25 06:34:59.451114','2021-05-25 12:18:23.647860',1,1,0);
/*!40000 ALTER TABLE `m_product` ENABLE KEYS */;
UNLOCK TABLES;

--
-- Table structure for table `m_staff`
--

DROP TABLE IF EXISTS `m_staff`;
/*!40101 SET @saved_cs_client     = @@character_set_client */;
/*!50503 SET character_set_client = utf8mb4 */;
CREATE TABLE `m_staff` (
  `id` int NOT NULL AUTO_INCREMENT,
  `code` varchar(8) NOT NULL,
  `name` varchar(255) NOT NULL,
  `password` varchar(255) NOT NULL,
  `created_at` datetime(6) NOT NULL,
  `updated_at` datetime(6) NOT NULL,
  `is_deleted` tinyint(1) NOT NULL,
  PRIMARY KEY (`id`)
) ENGINE=InnoDB AUTO_INCREMENT=5 DEFAULT CHARSET=utf8mb4 COLLATE=utf8mb4_0900_ai_ci;
/*!40101 SET character_set_client = @saved_cs_client */;

--
-- Dumping data for table `m_staff`
--

LOCK TABLES `m_staff` WRITE;
/*!40000 ALTER TABLE `m_staff` DISABLE KEYS */;
INSERT INTO `m_staff` VALUES (1,'スタッフ','スタッフ','1111','2021-05-25 12:40:35.000000','2021-05-28 06:36:12.494895',1),(2,'0000','河野太郎','1111','2021-05-25 12:40:35.000000','2021-05-28 06:52:27.284755',0),(3,'1111','安倍晋三','1111','2021-05-25 13:16:05.000000','2021-05-28 06:52:34.491832',1),(4,'1122','小泉','1111','2021-05-28 06:26:59.748474','2021-05-28 06:36:41.424329',0);
/*!40000 ALTER TABLE `m_staff` ENABLE KEYS */;
UNLOCK TABLES;
/*!40103 SET TIME_ZONE=@OLD_TIME_ZONE */;

/*!40101 SET SQL_MODE=@OLD_SQL_MODE */;
/*!40014 SET FOREIGN_KEY_CHECKS=@OLD_FOREIGN_KEY_CHECKS */;
/*!40014 SET UNIQUE_CHECKS=@OLD_UNIQUE_CHECKS */;
/*!40101 SET CHARACTER_SET_CLIENT=@OLD_CHARACTER_SET_CLIENT */;
/*!40101 SET CHARACTER_SET_RESULTS=@OLD_CHARACTER_SET_RESULTS */;
/*!40101 SET COLLATION_CONNECTION=@OLD_COLLATION_CONNECTION */;
/*!40111 SET SQL_NOTES=@OLD_SQL_NOTES */;

-- Dump completed on 2021-06-09  0:03:24
